{
	"song": {
		"speed": 3,
		"stage": "stage",
		"player1": "bf",
		"player2": "Really Screwed 2D",
		"player3": null,
		"events": [
			[
				13300,
				[
					[
						"Add Camera Zoom",
						"0.030",
						"0.030"
					]
				]
			],
			[
				14100,
				[
					[
						"Add Camera Zoom",
						"0.045",
						"0.045"
					]
				]
			],
			[
				16000,
				[
					[
						"Add Camera Zoom",
						"0.070",
						"0.070"
					]
				]
			],
			[
				18200,
				[
					[
						"Add Camera Zoom",
						"0.085",
						"0.085"
					]
				]
			],
			[
				20200,
				[
					[
						"Add Camera Zoom",
						"0.1",
						"0.1"
					]
				]
			],
			[
				22200,
				[
					[
						"Add Camera Zoom",
						"0.2",
						"0.2"
					]
				]
			],
			[
				23000,
				[
					[
						"Add Camera Zoom",
						"0",
						"0"
					]
				]
			]
		],
		"notes": [],
		"splashSkin": "noteSplashes",
		"validScore": false,
		"gfVersion": "gf",
		"bpm": 150,
		"arrowSkin": "",
		"needsVoices": false,
		"song": "Spammophobia"
	}
}