{
	"song": {
		"speed": 3,
		"stage": "stage",
		"player1": "bf",
		"player2": "Really Screwed 2D",
		"player3": null,
		"events": [
			[
				13300,
				[
					[
						"Add Camera Zoom",
						"0.030",
						"0.030"
					]
				]
			],
			[
				14100,
				[
					[
						"Add Camera Zoom",
						"0.045",
						"0.045"
					]
				]
			],
			[
				16000,
				[
					[
						"Add Camera Zoom",
						"0.070",
						"0.070"
					]
				]
			],
			[
				18200,
				[
					[
						"Add Camera Zoom",
						"0.085",
						"0.085"
					]
				]
			],
			[
				20200,
				[
					[
						"Add Camera Zoom",
						"0.1",
						"0.1"
					]
				]
			],
			[
				22200,
				[
					[
						"Add Camera Zoom",
						"0.2",
						"0.2"
					]
				]
			],
			[
				22900,
				[
					[
						"Add Camera Zoom",
						"0.030",
						"0.030"
					]
				]
			],
			[
				23000,
				[
					[
						"Add Camera Zoom",
						"0",
						"0"
					]
				]
			],
			[
				23700,
				[
					[
						"Add Camera Zoom",
						"0.045",
						"0.045"
					]
				]
			]
		],
		"notes": [
			{
				"gfSection": false,
				"lengthInSteps": 16,
				"altAnim": false,
				"typeOfSection": 0,
				"sectionNotes": [],
				"bpm": 150,
				"changeBPM": false,
				"mustHitSection": true
			},
			{
				"gfSection": false,
				"lengthInSteps": 16,
				"altAnim": false,
				"typeOfSection": 0,
				"sectionNotes": [],
				"bpm": 150,
				"changeBPM": false,
				"mustHitSection": true
			},
			{
				"gfSection": false,
				"lengthInSteps": 16,
				"altAnim": false,
				"typeOfSection": 0,
				"sectionNotes": [],
				"bpm": 150,
				"changeBPM": false,
				"mustHitSection": true
			},
			{
				"gfSection": false,
				"lengthInSteps": 16,
				"altAnim": false,
				"typeOfSection": 0,
				"sectionNotes": [
					[
						6350,
						4,
						0
					],
					[
						6250,
						4,
						0
					],
					[
						6300,
						4,
						0
					],
					[
						6200,
						4,
						0
					],
					[
						6150,
						4,
						0
					],
					[
						6100,
						4,
						0
					],
					[
						6100,
						4,
						0
					],
					[
						6050,
						4,
						0
					],
					[
						6000,
						4,
						0
					],
					[
						5950,
						4,
						0
					],
					[
						5650,
						4,
						0
					],
					[
						5600,
						4,
						0
					],
					[
						5700,
						4,
						0
					],
					[
						5750,
						4,
						0
					],
					[
						5800,
						4,
						0
					],
					[
						5900,
						4,
						0
					],
					[
						5850,
						4,
						0
					]
				],
				"bpm": 150,
				"changeBPM": false,
				"mustHitSection": true
			},
			{
				"gfSection": false,
				"lengthInSteps": 16,
				"altAnim": false,
				"typeOfSection": 0,
				"sectionNotes": [
					[
						6650,
						4,
						0
					],
					[
						6600,
						4,
						0
					],
					[
						6550,
						4,
						0
					],
					[
						6500,
						4,
						0
					],
					[
						6450,
						4,
						0
					],
					[
						6400,
						4,
						0
					],
					[
						7600,
						7,
						0
					],
					[
						7500,
						7,
						0
					],
					[
						7550,
						7,
						0
					],
					[
						7450,
						7,
						0
					],
					[
						7350,
						7,
						0
					],
					[
						7400,
						7,
						0
					],
					[
						7300,
						7,
						0
					],
					[
						7250,
						7,
						0
					],
					[
						7200,
						7,
						0
					],
					[
						7150,
						7,
						0
					],
					[
						7100,
						7,
						0
					],
					[
						7050,
						7,
						0
					],
					[
						6950,
						7,
						0
					],
					[
						7000,
						7,
						0
					],
					[
						6927.5,
						7,
						0
					],
					[
						6910,
						7,
						0
					],
					[
						6905,
						7,
						0
					],
					[
						6892.5,
						7,
						0
					],
					[
						6876.25,
						7,
						0
					],
					[
						6870,
						7,
						0
					],
					[
						6855,
						7,
						0
					],
					[
						6835,
						7,
						0
					],
					[
						6831.25,
						7,
						0
					],
					[
						6820,
						7,
						0
					],
					[
						6787.5,
						7,
						0
					],
					[
						6780,
						7,
						0
					],
					[
						6760,
						7,
						0
					],
					[
						6741.25,
						7,
						0
					],
					[
						6700,
						7,
						0
					],
					[
						6650,
						7,
						0
					],
					[
						7982.5,
						5,
						0
					],
					[
						7972.5,
						5,
						0
					],
					[
						7966.25,
						5,
						0
					],
					[
						7946.25,
						5,
						0
					],
					[
						7938.75,
						5,
						0
					],
					[
						7931.25,
						5,
						0
					],
					[
						7921.25,
						5,
						0
					],
					[
						7916.25,
						5,
						0
					],
					[
						7902.5,
						5,
						0
					],
					[
						7895,
						5,
						0
					],
					[
						7883.75,
						5,
						0
					],
					[
						7876.25,
						5,
						0
					],
					[
						7875,
						5,
						0
					],
					[
						7840,
						5,
						0
					],
					[
						7826.25,
						5,
						0
					],
					[
						7807.5,
						5,
						0
					],
					[
						7780,
						5,
						0
					],
					[
						7770,
						5,
						0
					],
					[
						7748.75,
						5,
						0
					],
					[
						7731.25,
						5,
						0
					],
					[
						7721.25,
						5,
						0
					],
					[
						7683.75,
						5,
						0
					],
					[
						7660,
						5,
						0
					],
					[
						7657.5,
						5,
						0
					]
				],
				"bpm": 150,
				"changeBPM": false,
				"mustHitSection": true
			},
			{
				"gfSection": false,
				"lengthInSteps": 16,
				"altAnim": false,
				"typeOfSection": 0,
				"sectionNotes": [
					[
						8100,
						5,
						0
					],
					[
						8050,
						5,
						0
					],
					[
						8000,
						5,
						0
					],
					[
						8150,
						6,
						0
					],
					[
						8200,
						6,
						0
					],
					[
						8250,
						6,
						0
					],
					[
						8300,
						6,
						0
					],
					[
						8350,
						6,
						0
					],
					[
						8400,
						6,
						0
					],
					[
						8450,
						6,
						0
					],
					[
						8500,
						6,
						0
					],
					[
						8600,
						6,
						0
					],
					[
						8550,
						6,
						0
					],
					[
						8792.5,
						7,
						0
					],
					[
						8787.5,
						6,
						0
					],
					[
						8792.5,
						5,
						0
					],
					[
						8793.75,
						4,
						0
					],
					[
						8791.25,
						4,
						0
					],
					[
						8775,
						5,
						0
					],
					[
						8771.25,
						4,
						0
					],
					[
						8772.5,
						5,
						0
					],
					[
						8778.75,
						6,
						0
					],
					[
						8771.25,
						6,
						0
					],
					[
						8762.5,
						7,
						0
					],
					[
						8755,
						7,
						0
					],
					[
						8745,
						7,
						0
					],
					[
						8757.5,
						5,
						0
					],
					[
						8755,
						4,
						0
					],
					[
						8753.75,
						6,
						0
					],
					[
						9150,
						5,
						0
					],
					[
						9100,
						5,
						0
					],
					[
						9000,
						5,
						0
					],
					[
						9050,
						5,
						0
					],
					[
						8950,
						5,
						0
					],
					[
						8900,
						5,
						0
					],
					[
						8850,
						5,
						0
					],
					[
						9200,
						6,
						0
					],
					[
						9250,
						6,
						0
					],
					[
						9300,
						6,
						0
					],
					[
						9400,
						6,
						0
					],
					[
						9450,
						6,
						0
					],
					[
						9350,
						6,
						0
					],
					[
						9500,
						6,
						0
					]
				],
				"bpm": 150,
				"changeBPM": false,
				"mustHitSection": true
			},
			{
				"gfSection": false,
				"lengthInSteps": 16,
				"altAnim": false,
				"typeOfSection": 0,
				"sectionNotes": [
					[
						9600,
						0,
						0
					],
					[
						9700,
						0,
						0
					],
					[
						9900,
						0,
						0
					],
					[
						10000,
						0,
						0
					],
					[
						10200,
						0,
						0
					],
					[
						10100,
						0,
						0
					],
					[
						9800,
						0,
						0
					],
					[
						10700,
						0,
						0
					],
					[
						10600,
						0,
						0
					],
					[
						10500,
						0,
						0
					],
					[
						10550,
						0,
						0
					],
					[
						10450,
						0,
						0
					],
					[
						10300,
						0,
						0
					],
					[
						10350,
						0,
						0
					],
					[
						11100,
						1,
						0
					],
					[
						11050,
						1,
						0
					],
					[
						11000,
						1,
						0
					],
					[
						10950,
						1,
						0
					],
					[
						10900,
						1,
						0
					],
					[
						10750,
						0,
						0
					],
					[
						10800,
						0,
						0
					]
				],
				"bpm": 150,
				"changeBPM": false,
				"mustHitSection": true
			},
			{
				"gfSection": false,
				"lengthInSteps": 16,
				"altAnim": false,
				"typeOfSection": 0,
				"sectionNotes": [
					[
						11800,
						1,
						0
					],
					[
						11750,
						1,
						0
					],
					[
						11700,
						1,
						0
					],
					[
						11650,
						1,
						0
					],
					[
						11400,
						1,
						0
					],
					[
						11400,
						1,
						0
					],
					[
						11500,
						1,
						0
					],
					[
						11550,
						1,
						0
					],
					[
						11313.75,
						1,
						0
					],
					[
						11273.75,
						1,
						0
					],
					[
						11240,
						1,
						0
					],
					[
						11200,
						1,
						0
					],
					[
						11900,
						0,
						0
					],
					[
						11900,
						1,
						0
					],
					[
						12000,
						0,
						0
					],
					[
						12000,
						1,
						0
					],
					[
						12100,
						0,
						0
					],
					[
						12100,
						1,
						0
					],
					[
						12200,
						0,
						0
					],
					[
						12200,
						1,
						0
					],
					[
						12300,
						3,
						0
					],
					[
						12300,
						1,
						0
					],
					[
						12400,
						3,
						0
					],
					[
						12400,
						1,
						0
					],
					[
						12700,
						3,
						0
					],
					[
						12700,
						1,
						0
					],
					[
						12600,
						1,
						0
					],
					[
						12600,
						3,
						0
					],
					[
						12500,
						3,
						0
					],
					[
						12500,
						1,
						0
					]
				],
				"bpm": 150,
				"changeBPM": false,
				"mustHitSection": true
			},
			{
				"gfSection": false,
				"lengthInSteps": 16,
				"altAnim": false,
				"typeOfSection": 0,
				"sectionNotes": [
					[
						12800,
						1,
						0
					],
					[
						12850,
						1,
						0
					],
					[
						12900,
						1,
						0
					],
					[
						12950,
						1,
						0
					],
					[
						13000,
						1,
						0
					],
					[
						13050,
						1,
						0
					],
					[
						13100,
						1,
						0
					],
					[
						13150,
						1,
						0
					],
					[
						13200,
						1,
						0
					],
					[
						13250,
						4,
						0
					],
					[
						13300,
						5,
						0
					],
					[
						13350,
						6,
						0
					],
					[
						13400,
						4,
						0
					],
					[
						13450,
						5,
						0
					],
					[
						13500,
						6,
						0
					],
					[
						13527.5,
						4,
						0
					],
					[
						13586.25,
						5,
						0
					],
					[
						13632.5,
						6,
						0
					],
					[
						13650,
						4,
						0
					],
					[
						13691.25,
						5,
						0
					],
					[
						13742.5,
						6,
						0
					],
					[
						13746.25,
						4,
						0
					],
					[
						13771.25,
						5,
						0
					],
					[
						13802.5,
						6,
						0
					],
					[
						13800,
						4,
						0
					],
					[
						13825,
						5,
						0
					],
					[
						13868.75,
						6,
						0
					],
					[
						13893.75,
						5,
						0
					],
					[
						13928.75,
						6,
						0
					],
					[
						13883.75,
						4,
						0
					],
					[
						13951.25,
						4,
						0
					],
					[
						13990,
						6,
						0
					],
					[
						14010,
						4,
						0
					],
					[
						14000,
						5,
						0
					],
					[
						14048.75,
						5,
						0
					],
					[
						14060,
						6,
						0
					],
					[
						14392.5,
						6,
						0
					],
					[
						14367.5,
						6,
						0
					],
					[
						14357.5,
						6,
						0
					],
					[
						14327.5,
						6,
						0
					],
					[
						14292.5,
						6,
						0
					],
					[
						14230,
						6,
						0
					],
					[
						14182.5,
						6,
						0
					],
					[
						14360,
						7,
						0
					],
					[
						14302.5,
						7,
						0
					],
					[
						14280,
						7,
						0
					],
					[
						14205,
						7,
						0
					],
					[
						14190,
						7,
						0
					],
					[
						14152.5,
						7,
						0
					],
					[
						14142.5,
						7,
						0
					],
					[
						14097.5,
						7,
						0
					]
				],
				"bpm": 150,
				"changeBPM": false,
				"mustHitSection": true
			},
			{
				"gfSection": false,
				"lengthInSteps": 16,
				"altAnim": false,
				"typeOfSection": 0,
				"sectionNotes": [
					[
						15905,
						5,
						0
					],
					[
						15860,
						6,
						0
					],
					[
						15840,
						5,
						0
					],
					[
						15787.5,
						7,
						0
					],
					[
						15797.5,
						6,
						0
					],
					[
						15765,
						6,
						0
					],
					[
						15765,
						6,
						0
					],
					[
						15730,
						6,
						0
					],
					[
						15687.5,
						6,
						0
					],
					[
						15682.5,
						6,
						0
					],
					[
						15630,
						6,
						0
					],
					[
						15622.5,
						6,
						0
					],
					[
						15597.5,
						6,
						0
					],
					[
						15552.5,
						6,
						0
					],
					[
						15540,
						6,
						0
					],
					[
						15490,
						6,
						0
					],
					[
						15480,
						6,
						0
					],
					[
						15430,
						6,
						0
					],
					[
						15400,
						6,
						0
					],
					[
						15375,
						6,
						0
					],
					[
						15360,
						6,
						0
					],
					[
						15355,
						6,
						0
					],
					[
						15317.5,
						6,
						0
					],
					[
						15282.5,
						6,
						0
					],
					[
						15255,
						6,
						0
					],
					[
						15205,
						6,
						0
					],
					[
						15197.5,
						6,
						0
					],
					[
						15155,
						6,
						0
					],
					[
						15110,
						6,
						0
					],
					[
						15037.5,
						6,
						0
					],
					[
						14990,
						6,
						0
					],
					[
						14982.5,
						6,
						0
					],
					[
						14925,
						6,
						0
					],
					[
						14900,
						6,
						0
					],
					[
						14855,
						6,
						0
					],
					[
						14770,
						6,
						0
					],
					[
						14760,
						6,
						0
					],
					[
						14732.5,
						6,
						0
					],
					[
						14712.5,
						6,
						0
					],
					[
						14690,
						6,
						0
					],
					[
						14687.5,
						6,
						0
					],
					[
						14635,
						6,
						0
					],
					[
						14612.5,
						6,
						0
					],
					[
						14610,
						6,
						0
					],
					[
						14547.5,
						6,
						0
					],
					[
						14497.5,
						6,
						0
					],
					[
						14472.5,
						6,
						0
					],
					[
						14427.5,
						6,
						0
					],
					[
						15757.5,
						7,
						0
					],
					[
						15717.5,
						7,
						0
					],
					[
						15677.5,
						7,
						0
					],
					[
						15660,
						7,
						0
					],
					[
						15617.5,
						7,
						0
					],
					[
						15610,
						7,
						0
					],
					[
						15582.5,
						7,
						0
					],
					[
						15565,
						7,
						0
					],
					[
						15540,
						7,
						0
					],
					[
						15512.5,
						7,
						0
					],
					[
						15462.5,
						7,
						0
					],
					[
						15427.5,
						7,
						0
					],
					[
						15397.5,
						7,
						0
					],
					[
						15380,
						7,
						0
					],
					[
						15305,
						7,
						0
					],
					[
						15220,
						7,
						0
					],
					[
						15205,
						7,
						0
					],
					[
						15152.5,
						7,
						0
					],
					[
						15125,
						7,
						0
					],
					[
						15112.5,
						7,
						0
					],
					[
						15072.5,
						7,
						0
					],
					[
						15007.5,
						7,
						0
					],
					[
						14985,
						7,
						0
					],
					[
						14945,
						7,
						0
					],
					[
						14872.5,
						7,
						0
					],
					[
						14860,
						7,
						0
					],
					[
						14792.5,
						7,
						0
					],
					[
						14770,
						7,
						0
					],
					[
						14717.5,
						7,
						0
					],
					[
						14657.5,
						7,
						0
					],
					[
						14652.5,
						7,
						0
					],
					[
						14582.5,
						7,
						0
					],
					[
						14547.5,
						7,
						0
					],
					[
						14537.5,
						7,
						0
					],
					[
						14472.5,
						7,
						0
					],
					[
						14432.5,
						7,
						0
					],
					[
						14405,
						7,
						0
					],
					[
						15820,
						5,
						0
					],
					[
						15785,
						5,
						0
					],
					[
						15762.5,
						5,
						0
					],
					[
						15727.5,
						5,
						0
					],
					[
						15707.5,
						5,
						0
					],
					[
						15677.5,
						5,
						0
					],
					[
						15627.5,
						5,
						0
					],
					[
						15612.5,
						5,
						0
					],
					[
						15560,
						5,
						0
					],
					[
						15517.5,
						5,
						0
					],
					[
						15495,
						5,
						0
					],
					[
						15465,
						5,
						0
					],
					[
						15450,
						5,
						0
					],
					[
						15410,
						5,
						0
					],
					[
						15377.5,
						5,
						0
					],
					[
						15297.5,
						5,
						0
					],
					[
						15230,
						5,
						0
					],
					[
						15212.5,
						5,
						0
					],
					[
						15177.5,
						5,
						0
					],
					[
						15155,
						5,
						0
					],
					[
						15097.5,
						5,
						0
					],
					[
						15052.5,
						5,
						0
					],
					[
						14995,
						5,
						0
					],
					[
						14950,
						5,
						0
					],
					[
						14900,
						5,
						0
					],
					[
						14880,
						5,
						0
					],
					[
						14840,
						5,
						0
					],
					[
						14832.5,
						5,
						0
					],
					[
						14740,
						5,
						0
					],
					[
						14725,
						5,
						0
					],
					[
						14692.5,
						5,
						0
					],
					[
						14675,
						5,
						0
					],
					[
						14652.5,
						5,
						0
					],
					[
						14597.5,
						5,
						0
					],
					[
						14570,
						5,
						0
					],
					[
						14500,
						5,
						0
					],
					[
						15987.5,
						7,
						0
					]
				],
				"bpm": 150,
				"changeBPM": false,
				"mustHitSection": true
			},
			{
				"gfSection": false,
				"lengthInSteps": 16,
				"altAnim": false,
				"typeOfSection": 0,
				"sectionNotes": [
					[
						17567.5,
						4,
						0
					],
					[
						17545,
						7,
						0
					],
					[
						17527.5,
						7,
						0
					],
					[
						17505,
						7,
						0
					],
					[
						17432.5,
						7,
						0
					],
					[
						17420,
						7,
						0
					],
					[
						17380,
						7,
						0
					],
					[
						17372.5,
						7,
						0
					],
					[
						17317.5,
						7,
						0
					],
					[
						17265,
						7,
						0
					],
					[
						17262.5,
						7,
						0
					],
					[
						17215,
						7,
						0
					],
					[
						17197.5,
						7,
						0
					],
					[
						17177.5,
						7,
						0
					],
					[
						17150,
						7,
						0
					],
					[
						17125,
						7,
						0
					],
					[
						17097.5,
						7,
						0
					],
					[
						17082.5,
						7,
						0
					],
					[
						17050,
						7,
						0
					],
					[
						17017.5,
						7,
						0
					],
					[
						17002.5,
						7,
						0
					],
					[
						16945,
						7,
						0
					],
					[
						16920,
						7,
						0
					],
					[
						16902.5,
						7,
						0
					],
					[
						16870,
						7,
						0
					],
					[
						16825,
						7,
						0
					],
					[
						16812.5,
						7,
						0
					],
					[
						16790,
						7,
						0
					],
					[
						16745,
						7,
						0
					],
					[
						16737.5,
						7,
						0
					],
					[
						16675,
						7,
						0
					],
					[
						16665,
						7,
						0
					],
					[
						16640,
						7,
						0
					],
					[
						16625,
						7,
						0
					],
					[
						16605,
						7,
						0
					],
					[
						16597.5,
						7,
						0
					],
					[
						16572.5,
						7,
						0
					],
					[
						16545,
						7,
						0
					],
					[
						16515,
						7,
						0
					],
					[
						16497.5,
						7,
						0
					],
					[
						16450,
						7,
						0
					],
					[
						16447.5,
						7,
						0
					],
					[
						16432.5,
						7,
						0
					],
					[
						16415,
						7,
						0
					],
					[
						16377.5,
						7,
						0
					],
					[
						16355,
						7,
						0
					],
					[
						16215,
						7,
						0
					],
					[
						16202.5,
						7,
						0
					],
					[
						16192.5,
						7,
						0
					],
					[
						16180,
						7,
						0
					],
					[
						16347.5,
						7,
						0
					],
					[
						16325,
						7,
						0
					],
					[
						16152.5,
						7,
						0
					],
					[
						16110,
						7,
						0
					],
					[
						16085,
						7,
						0
					],
					[
						16047.5,
						7,
						0
					],
					[
						16025,
						7,
						0
					],
					[
						16010,
						7,
						0
					],
					[
						16007.5,
						7,
						0
					],
					[
						17527.5,
						6,
						0
					],
					[
						17492.5,
						6,
						0
					],
					[
						17480,
						6,
						0
					],
					[
						17422.5,
						6,
						0
					],
					[
						17410,
						6,
						0
					],
					[
						17385,
						6,
						0
					],
					[
						17370,
						6,
						0
					],
					[
						17357.5,
						6,
						0
					],
					[
						17335,
						6,
						0
					],
					[
						17320,
						6,
						0
					],
					[
						17297.5,
						6,
						0
					],
					[
						17270,
						6,
						0
					],
					[
						17265,
						6,
						0
					],
					[
						17212.5,
						6,
						0
					],
					[
						17187.5,
						6,
						0
					],
					[
						17157.5,
						6,
						0
					],
					[
						17125,
						6,
						0
					],
					[
						17057.5,
						6,
						0
					],
					[
						17007.5,
						6,
						0
					],
					[
						17002.5,
						6,
						0
					],
					[
						16985,
						6,
						0
					],
					[
						16952.5,
						6,
						0
					],
					[
						16945,
						6,
						0
					],
					[
						16897.5,
						6,
						0
					],
					[
						16880,
						6,
						0
					],
					[
						16867.5,
						6,
						0
					],
					[
						16835,
						6,
						0
					],
					[
						16830,
						6,
						0
					],
					[
						16797.5,
						6,
						0
					],
					[
						16772.5,
						6,
						0
					],
					[
						16740,
						6,
						0
					],
					[
						16702.5,
						6,
						0
					],
					[
						16687.5,
						6,
						0
					],
					[
						16650,
						6,
						0
					],
					[
						16622.5,
						6,
						0
					],
					[
						16592.5,
						6,
						0
					],
					[
						16585,
						6,
						0
					],
					[
						16540,
						6,
						0
					],
					[
						16507.5,
						6,
						0
					],
					[
						16485,
						6,
						0
					],
					[
						16460,
						6,
						0
					],
					[
						16400,
						6,
						0
					],
					[
						16382.5,
						6,
						0
					],
					[
						16342.5,
						6,
						0
					],
					[
						16315,
						6,
						0
					],
					[
						16315,
						6,
						0
					],
					[
						16265,
						6,
						0
					],
					[
						16250,
						6,
						0
					],
					[
						16217.5,
						6,
						0
					],
					[
						16202.5,
						6,
						0
					],
					[
						16165,
						6,
						0
					],
					[
						16130,
						6,
						0
					],
					[
						16112.5,
						6,
						0
					],
					[
						16025,
						6,
						0
					],
					[
						16020,
						6,
						0
					],
					[
						17522.5,
						4,
						0
					],
					[
						17520,
						5,
						0
					],
					[
						17470,
						5,
						0
					],
					[
						17482.5,
						4,
						0
					],
					[
						17437.5,
						4,
						0
					],
					[
						17452.5,
						5,
						0
					],
					[
						17417.5,
						5,
						0
					],
					[
						17390,
						5,
						0
					],
					[
						17365,
						5,
						0
					],
					[
						17337.5,
						5,
						0
					],
					[
						17327.5,
						5,
						0
					],
					[
						17322.5,
						5,
						0
					],
					[
						17282.5,
						5,
						0
					],
					[
						17240,
						5,
						0
					],
					[
						17217.5,
						5,
						0
					],
					[
						17192.5,
						5,
						0
					],
					[
						17175,
						5,
						0
					],
					[
						17155,
						5,
						0
					],
					[
						17127.5,
						5,
						0
					],
					[
						17110,
						5,
						0
					],
					[
						17062.5,
						5,
						0
					],
					[
						17040,
						5,
						0
					],
					[
						17007.5,
						5,
						0
					],
					[
						16967.5,
						5,
						0
					],
					[
						16942.5,
						5,
						0
					],
					[
						16887.5,
						5,
						0
					],
					[
						16865,
						5,
						0
					],
					[
						16820,
						5,
						0
					],
					[
						16812.5,
						5,
						0
					],
					[
						16747.5,
						5,
						0
					],
					[
						16692.5,
						5,
						0
					],
					[
						16650,
						5,
						0
					],
					[
						16587.5,
						5,
						0
					],
					[
						16552.5,
						5,
						0
					],
					[
						16517.5,
						5,
						0
					],
					[
						16462.5,
						5,
						0
					],
					[
						16407.5,
						5,
						0
					],
					[
						16387.5,
						5,
						0
					],
					[
						16292.5,
						5,
						0
					],
					[
						16222.5,
						5,
						0
					],
					[
						16160,
						5,
						0
					],
					[
						16110,
						5,
						0
					],
					[
						16062.5,
						5,
						0
					],
					[
						16005,
						5,
						0
					],
					[
						17392.5,
						4,
						0
					],
					[
						17342.5,
						4,
						0
					],
					[
						17302.5,
						4,
						0
					],
					[
						17300,
						4,
						0
					],
					[
						17252.5,
						4,
						0
					],
					[
						17242.5,
						4,
						0
					],
					[
						17192.5,
						4,
						0
					],
					[
						17162.5,
						4,
						0
					],
					[
						17145,
						4,
						0
					],
					[
						17130,
						4,
						0
					],
					[
						17112.5,
						4,
						0
					],
					[
						17037.5,
						4,
						0
					],
					[
						16995,
						4,
						0
					],
					[
						16987.5,
						4,
						0
					],
					[
						16972.5,
						4,
						0
					],
					[
						16925,
						4,
						0
					],
					[
						16900,
						4,
						0
					],
					[
						16890,
						4,
						0
					],
					[
						16877.5,
						4,
						0
					],
					[
						16845,
						4,
						0
					],
					[
						16837.5,
						4,
						0
					],
					[
						16825,
						4,
						0
					],
					[
						16805,
						4,
						0
					],
					[
						16782.5,
						4,
						0
					],
					[
						16765,
						4,
						0
					],
					[
						16740,
						4,
						0
					],
					[
						16602.5,
						4,
						0
					],
					[
						16582.5,
						4,
						0
					],
					[
						16545,
						4,
						0
					],
					[
						16527.5,
						4,
						0
					],
					[
						16300,
						4,
						0
					],
					[
						16255,
						4,
						0
					],
					[
						16220,
						4,
						0
					],
					[
						16155,
						4,
						0
					],
					[
						16072.5,
						4,
						0
					],
					[
						16015,
						4,
						0
					],
					[
						16470,
						4,
						0
					],
					[
						16425,
						4,
						0
					],
					[
						16420,
						4,
						0
					],
					[
						16705,
						4,
						0
					]
				],
				"bpm": 150,
				"changeBPM": false,
				"mustHitSection": true
			},
			{
				"gfSection": false,
				"lengthInSteps": 16,
				"altAnim": false,
				"typeOfSection": 0,
				"sectionNotes": [
					[
						19167.5,
						4,
						0
					],
					[
						19147.5,
						4,
						0
					],
					[
						19105,
						4,
						0
					],
					[
						19072.5,
						4,
						0
					],
					[
						19037.5,
						4,
						0
					],
					[
						19025,
						4,
						0
					],
					[
						18967.5,
						4,
						0
					],
					[
						18945,
						4,
						0
					],
					[
						18902.5,
						4,
						0
					],
					[
						18857.5,
						4,
						0
					],
					[
						18795,
						4,
						0
					],
					[
						18760,
						4,
						0
					],
					[
						18707.5,
						4,
						0
					],
					[
						18672.5,
						4,
						0
					],
					[
						18657.5,
						4,
						0
					],
					[
						18625,
						4,
						0
					],
					[
						18610,
						4,
						0
					],
					[
						18580,
						4,
						0
					],
					[
						18507.5,
						4,
						0
					],
					[
						18467.5,
						4,
						0
					],
					[
						18452.5,
						4,
						0
					],
					[
						18432.5,
						4,
						0
					],
					[
						18417.5,
						4,
						0
					],
					[
						18365,
						4,
						0
					],
					[
						18347.5,
						4,
						0
					],
					[
						18322.5,
						4,
						0
					],
					[
						18272.5,
						4,
						0
					],
					[
						18257.5,
						4,
						0
					],
					[
						18242.5,
						4,
						0
					],
					[
						18215,
						4,
						0
					],
					[
						18185,
						4,
						0
					],
					[
						18180,
						4,
						0
					],
					[
						18110,
						4,
						0
					],
					[
						18097.5,
						4,
						0
					],
					[
						18030,
						4,
						0
					],
					[
						18017.5,
						4,
						0
					],
					[
						17985,
						4,
						0
					],
					[
						17950,
						4,
						0
					],
					[
						17905,
						4,
						0
					],
					[
						17882.5,
						4,
						0
					],
					[
						17850,
						4,
						0
					],
					[
						17820,
						4,
						0
					],
					[
						17787.5,
						4,
						0
					],
					[
						17752.5,
						4,
						0
					],
					[
						17750,
						4,
						0
					],
					[
						17702.5,
						4,
						0
					],
					[
						17690,
						4,
						0
					],
					[
						17632.5,
						4,
						0
					],
					[
						17620,
						4,
						0
					],
					[
						17615,
						4,
						0
					],
					[
						17605,
						4,
						0
					],
					[
						19175,
						5,
						0
					],
					[
						19150,
						5,
						0
					],
					[
						19117.5,
						5,
						0
					],
					[
						19115,
						5,
						0
					],
					[
						19085,
						5,
						0
					],
					[
						19082.5,
						5,
						0
					],
					[
						19052.5,
						5,
						0
					],
					[
						19032.5,
						5,
						0
					],
					[
						19007.5,
						5,
						0
					],
					[
						18997.5,
						5,
						0
					],
					[
						18982.5,
						5,
						0
					],
					[
						18962.5,
						5,
						0
					],
					[
						18947.5,
						5,
						0
					],
					[
						18920,
						5,
						0
					],
					[
						18902.5,
						5,
						0
					],
					[
						18897.5,
						5,
						0
					],
					[
						18870,
						5,
						0
					],
					[
						18857.5,
						5,
						0
					],
					[
						18840,
						5,
						0
					],
					[
						18832.5,
						5,
						0
					],
					[
						18810,
						5,
						0
					],
					[
						18800,
						5,
						0
					],
					[
						18712.5,
						5,
						0
					],
					[
						18707.5,
						5,
						0
					],
					[
						18695,
						5,
						0
					],
					[
						18675,
						5,
						0
					],
					[
						18642.5,
						5,
						0
					],
					[
						18622.5,
						5,
						0
					],
					[
						18582.5,
						5,
						0
					],
					[
						18557.5,
						5,
						0
					],
					[
						18545,
						5,
						0
					],
					[
						18500,
						5,
						0
					],
					[
						18452.5,
						5,
						0
					],
					[
						18417.5,
						5,
						0
					],
					[
						18405,
						5,
						0
					],
					[
						18370,
						5,
						0
					],
					[
						18337.5,
						5,
						0
					],
					[
						18330,
						5,
						0
					],
					[
						18287.5,
						5,
						0
					],
					[
						18222.5,
						5,
						0
					],
					[
						18197.5,
						5,
						0
					],
					[
						18135,
						5,
						0
					],
					[
						18107.5,
						5,
						0
					],
					[
						18057.5,
						5,
						0
					],
					[
						18035,
						5,
						0
					],
					[
						18010,
						5,
						0
					],
					[
						17970,
						5,
						0
					],
					[
						17897.5,
						5,
						0
					],
					[
						17872.5,
						5,
						0
					],
					[
						17862.5,
						5,
						0
					],
					[
						17817.5,
						5,
						0
					],
					[
						17775,
						5,
						0
					],
					[
						17770,
						5,
						0
					],
					[
						17722.5,
						5,
						0
					],
					[
						17657.5,
						5,
						0
					],
					[
						17625,
						5,
						0
					],
					[
						19147.5,
						6,
						0
					],
					[
						19140,
						7,
						0
					],
					[
						19127.5,
						7,
						0
					],
					[
						19097.5,
						6,
						0
					],
					[
						19095,
						6,
						0
					],
					[
						19082.5,
						7,
						0
					],
					[
						19062.5,
						7,
						0
					],
					[
						19020,
						7,
						0
					],
					[
						19020,
						6,
						0
					],
					[
						18972.5,
						6,
						0
					],
					[
						18962.5,
						6,
						0
					],
					[
						18870,
						6,
						0
					],
					[
						18842.5,
						6,
						0
					],
					[
						18820,
						6,
						0
					],
					[
						18807.5,
						6,
						0
					],
					[
						18795,
						6,
						0
					],
					[
						18740,
						6,
						0
					],
					[
						18725,
						6,
						0
					],
					[
						18690,
						6,
						0
					],
					[
						18620,
						6,
						0
					],
					[
						18615,
						6,
						0
					],
					[
						18577.5,
						6,
						0
					],
					[
						18532.5,
						6,
						0
					],
					[
						18517.5,
						6,
						0
					],
					[
						18475,
						6,
						0
					],
					[
						18450,
						6,
						0
					],
					[
						18385,
						6,
						0
					],
					[
						18332.5,
						6,
						0
					],
					[
						18300,
						6,
						0
					],
					[
						18257.5,
						6,
						0
					],
					[
						18220,
						6,
						0
					],
					[
						18200,
						6,
						0
					],
					[
						18150,
						6,
						0
					],
					[
						18137.5,
						6,
						0
					],
					[
						18047.5,
						6,
						0
					],
					[
						18035,
						6,
						0
					],
					[
						17975,
						6,
						0
					],
					[
						17912.5,
						6,
						0
					],
					[
						17865,
						6,
						0
					],
					[
						17810,
						6,
						0
					],
					[
						17762.5,
						6,
						0
					],
					[
						17715,
						6,
						0
					],
					[
						17687.5,
						6,
						0
					],
					[
						17667.5,
						6,
						0
					],
					[
						17642.5,
						6,
						0
					],
					[
						17620,
						6,
						0
					],
					[
						18992.5,
						7,
						0
					],
					[
						18962.5,
						7,
						0
					],
					[
						18945,
						7,
						0
					],
					[
						18912.5,
						7,
						0
					],
					[
						18880,
						7,
						0
					],
					[
						18842.5,
						7,
						0
					],
					[
						18817.5,
						7,
						0
					],
					[
						18775,
						7,
						0
					],
					[
						18752.5,
						7,
						0
					],
					[
						18707.5,
						7,
						0
					],
					[
						18645,
						7,
						0
					],
					[
						18612.5,
						7,
						0
					],
					[
						18587.5,
						7,
						0
					],
					[
						18527.5,
						7,
						0
					],
					[
						18465,
						7,
						0
					],
					[
						18395,
						7,
						0
					],
					[
						18352.5,
						7,
						0
					],
					[
						18282.5,
						7,
						0
					],
					[
						18160,
						7,
						0
					],
					[
						18070,
						7,
						0
					],
					[
						18017.5,
						7,
						0
					],
					[
						17945,
						7,
						0
					],
					[
						17870,
						7,
						0
					],
					[
						17770,
						7,
						0
					],
					[
						17655,
						7,
						0
					],
					[
						17622.5,
						7,
						0
					]
				],
				"bpm": 150,
				"changeBPM": false,
				"mustHitSection": true
			},
			{
				"gfSection": false,
				"lengthInSteps": 16,
				"altAnim": false,
				"typeOfSection": 0,
				"sectionNotes": [
					[
						20745,
						4,
						0
					],
					[
						20747.5,
						7,
						0
					],
					[
						20720,
						7,
						0
					],
					[
						20692.5,
						7,
						0
					],
					[
						20665,
						7,
						0
					],
					[
						20645,
						7,
						0
					],
					[
						20630,
						7,
						0
					],
					[
						20602.5,
						7,
						0
					],
					[
						20572.5,
						7,
						0
					],
					[
						20547.5,
						7,
						0
					],
					[
						20497.5,
						7,
						0
					],
					[
						20472.5,
						7,
						0
					],
					[
						20425,
						7,
						0
					],
					[
						20400,
						7,
						0
					],
					[
						20347.5,
						7,
						0
					],
					[
						20330,
						7,
						0
					],
					[
						20305,
						7,
						0
					],
					[
						20290,
						7,
						0
					],
					[
						20280,
						7,
						0
					],
					[
						20222.5,
						7,
						0
					],
					[
						20212.5,
						7,
						0
					],
					[
						20165,
						7,
						0
					],
					[
						20135,
						7,
						0
					],
					[
						20080,
						7,
						0
					],
					[
						20047.5,
						7,
						0
					],
					[
						20012.5,
						7,
						0
					],
					[
						19992.5,
						7,
						0
					],
					[
						19962.5,
						7,
						0
					],
					[
						19947.5,
						7,
						0
					],
					[
						19905,
						7,
						0
					],
					[
						19880,
						7,
						0
					],
					[
						19840,
						7,
						0
					],
					[
						19825,
						7,
						0
					],
					[
						19775,
						7,
						0
					],
					[
						19762.5,
						7,
						0
					],
					[
						19727.5,
						7,
						0
					],
					[
						19705,
						7,
						0
					],
					[
						19652.5,
						7,
						0
					],
					[
						19617.5,
						7,
						0
					],
					[
						19600,
						7,
						0
					],
					[
						19545,
						7,
						0
					],
					[
						19535,
						7,
						0
					],
					[
						19480,
						7,
						0
					],
					[
						19452.5,
						7,
						0
					],
					[
						19412.5,
						7,
						0
					],
					[
						19347.5,
						7,
						0
					],
					[
						19337.5,
						7,
						0
					],
					[
						19310,
						7,
						0
					],
					[
						19272.5,
						7,
						0
					],
					[
						19215,
						7,
						0
					],
					[
						19210,
						7,
						0
					],
					[
						20705,
						6,
						0
					],
					[
						20657.5,
						6,
						0
					],
					[
						20652.5,
						6,
						0
					],
					[
						20612.5,
						6,
						0
					],
					[
						20595,
						6,
						0
					],
					[
						20572.5,
						6,
						0
					],
					[
						20560,
						6,
						0
					],
					[
						20485,
						6,
						0
					],
					[
						20440,
						6,
						0
					],
					[
						20422.5,
						6,
						0
					],
					[
						20405,
						6,
						0
					],
					[
						20380,
						6,
						0
					],
					[
						20372.5,
						6,
						0
					],
					[
						20345,
						6,
						0
					],
					[
						20317.5,
						6,
						0
					],
					[
						20280,
						6,
						0
					],
					[
						20260,
						6,
						0
					],
					[
						20225,
						6,
						0
					],
					[
						20192.5,
						6,
						0
					],
					[
						20147.5,
						6,
						0
					],
					[
						20070,
						6,
						0
					],
					[
						20065,
						6,
						0
					],
					[
						20035,
						6,
						0
					],
					[
						20000,
						6,
						0
					],
					[
						19987.5,
						6,
						0
					],
					[
						19945,
						6,
						0
					],
					[
						19912.5,
						6,
						0
					],
					[
						19847.5,
						6,
						0
					],
					[
						19817.5,
						6,
						0
					],
					[
						19795,
						6,
						0
					],
					[
						19755,
						6,
						0
					],
					[
						19697.5,
						6,
						0
					],
					[
						19677.5,
						6,
						0
					],
					[
						19637.5,
						6,
						0
					],
					[
						19590,
						6,
						0
					],
					[
						19562.5,
						6,
						0
					],
					[
						19547.5,
						6,
						0
					],
					[
						19535,
						6,
						0
					],
					[
						19495,
						6,
						0
					],
					[
						19477.5,
						6,
						0
					],
					[
						19472.5,
						6,
						0
					],
					[
						19440,
						6,
						0
					],
					[
						19390,
						6,
						0
					],
					[
						19307.5,
						6,
						0
					],
					[
						19255,
						6,
						0
					],
					[
						19240,
						6,
						0
					],
					[
						19212.5,
						6,
						0
					],
					[
						20700,
						4,
						0
					],
					[
						20725,
						5,
						0
					],
					[
						20722.5,
						5,
						0
					],
					[
						20662.5,
						5,
						0
					],
					[
						20642.5,
						5,
						0
					],
					[
						20615,
						5,
						0
					],
					[
						20590,
						5,
						0
					],
					[
						20587.5,
						5,
						0
					],
					[
						20542.5,
						5,
						0
					],
					[
						20472.5,
						5,
						0
					],
					[
						20460,
						5,
						0
					],
					[
						20417.5,
						5,
						0
					],
					[
						20375,
						5,
						0
					],
					[
						20367.5,
						5,
						0
					],
					[
						20345,
						5,
						0
					],
					[
						20325,
						5,
						0
					],
					[
						20295,
						5,
						0
					],
					[
						20290,
						5,
						0
					],
					[
						20242.5,
						5,
						0
					],
					[
						20205,
						5,
						0
					],
					[
						20180,
						5,
						0
					],
					[
						20130,
						5,
						0
					],
					[
						20127.5,
						5,
						0
					],
					[
						20032.5,
						5,
						0
					],
					[
						20022.5,
						5,
						0
					],
					[
						19990,
						5,
						0
					],
					[
						19912.5,
						5,
						0
					],
					[
						19877.5,
						5,
						0
					],
					[
						19827.5,
						5,
						0
					],
					[
						19807.5,
						5,
						0
					],
					[
						19757.5,
						5,
						0
					],
					[
						19677.5,
						5,
						0
					],
					[
						19662.5,
						5,
						0
					],
					[
						19617.5,
						5,
						0
					],
					[
						19597.5,
						5,
						0
					],
					[
						19562.5,
						5,
						0
					],
					[
						19510,
						5,
						0
					],
					[
						19452.5,
						5,
						0
					],
					[
						19422.5,
						5,
						0
					],
					[
						19380,
						5,
						0
					],
					[
						19342.5,
						5,
						0
					],
					[
						19282.5,
						5,
						0
					],
					[
						19247.5,
						5,
						0
					],
					[
						19232.5,
						5,
						0
					],
					[
						20640,
						4,
						0
					],
					[
						20632.5,
						4,
						0
					],
					[
						20607.5,
						4,
						0
					],
					[
						20597.5,
						4,
						0
					],
					[
						20577.5,
						4,
						0
					],
					[
						20555,
						4,
						0
					],
					[
						20522.5,
						4,
						0
					],
					[
						20505,
						4,
						0
					],
					[
						20472.5,
						4,
						0
					],
					[
						20442.5,
						4,
						0
					],
					[
						20437.5,
						4,
						0
					],
					[
						20407.5,
						4,
						0
					],
					[
						20352.5,
						4,
						0
					],
					[
						20340,
						4,
						0
					],
					[
						20317.5,
						4,
						0
					],
					[
						20272.5,
						4,
						0
					],
					[
						20202.5,
						4,
						0
					],
					[
						20157.5,
						4,
						0
					],
					[
						20137.5,
						4,
						0
					],
					[
						20097.5,
						4,
						0
					],
					[
						20017.5,
						4,
						0
					],
					[
						19955,
						4,
						0
					],
					[
						19947.5,
						4,
						0
					],
					[
						19857.5,
						4,
						0
					],
					[
						19822.5,
						4,
						0
					],
					[
						19795,
						4,
						0
					],
					[
						19712.5,
						4,
						0
					],
					[
						19600,
						4,
						0
					],
					[
						19537.5,
						4,
						0
					],
					[
						19475,
						4,
						0
					],
					[
						19450,
						4,
						0
					],
					[
						19415,
						4,
						0
					],
					[
						19345,
						4,
						0
					],
					[
						19325,
						4,
						0
					],
					[
						19280,
						4,
						0
					],
					[
						19217.5,
						4,
						0
					]
				],
				"bpm": 150,
				"changeBPM": false,
				"mustHitSection": true
			},
			{
				"gfSection": false,
				"lengthInSteps": 16,
				"altAnim": false,
				"typeOfSection": 0,
				"sectionNotes": [
					[
						22371.25,
						4,
						0
					],
					[
						22362.5,
						5,
						0
					],
					[
						22350,
						6,
						0
					],
					[
						22300,
						7,
						0
					],
					[
						22350,
						7,
						0
					],
					[
						22318.75,
						6,
						0
					],
					[
						22332.5,
						5,
						0
					],
					[
						22332.5,
						4,
						0
					],
					[
						22282.5,
						5,
						0
					],
					[
						22285,
						6,
						0
					],
					[
						22247.5,
						7,
						0
					],
					[
						22193.75,
						7,
						0
					],
					[
						22206.25,
						6,
						0
					],
					[
						22176.25,
						5,
						0
					],
					[
						22162.5,
						5,
						0
					],
					[
						22096.25,
						6,
						0
					],
					[
						22032.5,
						6,
						0
					],
					[
						22013.75,
						5,
						0
					],
					[
						21966.25,
						5,
						0
					],
					[
						21950,
						7,
						0
					],
					[
						22016.25,
						7,
						0
					],
					[
						21986.25,
						6,
						0
					],
					[
						21975,
						6,
						0
					],
					[
						21955,
						6,
						0
					],
					[
						21942.5,
						5,
						0
					],
					[
						22032.5,
						4,
						0
					],
					[
						21948.75,
						4,
						0
					],
					[
						22016.25,
						4,
						0
					],
					[
						22002.5,
						4,
						0
					],
					[
						22182.5,
						4,
						0
					],
					[
						22170,
						4,
						0
					],
					[
						22155,
						4,
						0
					],
					[
						22137.5,
						4,
						0
					],
					[
						22107.5,
						4,
						0
					],
					[
						22088.75,
						5,
						0
					],
					[
						22086.25,
						5,
						0
					],
					[
						22081.25,
						4,
						0
					],
					[
						22163.75,
						7,
						0
					],
					[
						22142.5,
						7,
						0
					],
					[
						22127.5,
						7,
						0
					],
					[
						22101.25,
						7,
						0
					],
					[
						22086.25,
						7,
						0
					],
					[
						22067.5,
						7,
						0
					],
					[
						22160,
						6,
						0
					],
					[
						22271.25,
						4,
						0
					],
					[
						22262.5,
						4,
						0
					],
					[
						22246.25,
						4,
						0
					],
					[
						22237.5,
						4,
						0
					],
					[
						22255,
						5,
						0
					],
					[
						22235,
						5,
						0
					],
					[
						22250,
						6,
						0
					],
					[
						21900,
						4,
						0
					],
					[
						21900,
						5,
						0
					],
					[
						21900,
						6,
						0
					],
					[
						21900,
						7,
						0
					],
					[
						21850,
						7,
						0
					],
					[
						21850,
						4,
						0
					],
					[
						21850,
						5,
						0
					],
					[
						21850,
						6,
						0
					],
					[
						21800,
						5,
						0
					],
					[
						21800,
						4,
						0
					],
					[
						21650,
						4,
						0
					],
					[
						21600,
						4,
						0
					],
					[
						21500,
						4,
						0
					],
					[
						21400,
						4,
						0
					],
					[
						21350,
						4,
						0
					],
					[
						21350,
						4,
						0
					],
					[
						21450,
						4,
						0
					],
					[
						21300,
						4,
						0
					],
					[
						21550,
						4,
						0
					],
					[
						21750,
						4,
						0
					],
					[
						21700,
						4,
						0
					],
					[
						21753.75,
						5,
						0
					],
					[
						21732.5,
						5,
						0
					],
					[
						21726.25,
						5,
						0
					],
					[
						21720,
						5,
						0
					],
					[
						21707.5,
						5,
						0
					],
					[
						21672.5,
						5,
						0
					],
					[
						21652.5,
						5,
						0
					],
					[
						21596.25,
						5,
						0
					],
					[
						21593.75,
						5,
						0
					],
					[
						21580,
						5,
						0
					],
					[
						21550,
						5,
						0
					],
					[
						21542.5,
						5,
						0
					],
					[
						21528.75,
						5,
						0
					],
					[
						21515,
						5,
						0
					],
					[
						21503.75,
						5,
						0
					],
					[
						21502.5,
						5,
						0
					],
					[
						21490,
						5,
						0
					],
					[
						21470,
						5,
						0
					],
					[
						21462.5,
						5,
						0
					],
					[
						21412.5,
						5,
						0
					],
					[
						21401.25,
						5,
						0
					],
					[
						21351.25,
						5,
						0
					],
					[
						21332.5,
						5,
						0
					],
					[
						21311.25,
						5,
						0
					],
					[
						21750,
						6,
						0
					],
					[
						21800,
						6,
						0
					],
					[
						21650,
						6,
						0
					],
					[
						21600,
						6,
						0
					],
					[
						21400,
						6,
						0
					],
					[
						21350,
						6,
						0
					],
					[
						21300,
						7,
						0
					],
					[
						21322.5,
						6,
						0
					],
					[
						21315,
						6,
						0
					],
					[
						21307.5,
						6,
						0
					],
					[
						21401.25,
						7,
						0
					],
					[
						21385,
						7,
						0
					],
					[
						21358.75,
						7,
						0
					],
					[
						21352.5,
						7,
						0
					],
					[
						21553.75,
						6,
						0
					],
					[
						21541.25,
						6,
						0
					],
					[
						21532.5,
						6,
						0
					],
					[
						21523.75,
						6,
						0
					],
					[
						21507.5,
						6,
						0
					],
					[
						21462.5,
						6,
						0
					],
					[
						21451.25,
						6,
						0
					],
					[
						21542.5,
						7,
						0
					],
					[
						21522.5,
						7,
						0
					],
					[
						21516.25,
						7,
						0
					],
					[
						21701.25,
						6,
						0
					],
					[
						21788.75,
						7,
						0
					],
					[
						21752.5,
						7,
						0
					],
					[
						21746.25,
						7,
						0
					],
					[
						21710,
						7,
						0
					],
					[
						21705,
						7,
						0
					],
					[
						21675,
						7,
						0
					],
					[
						21638.75,
						7,
						0
					],
					[
						21601.25,
						7,
						0
					],
					[
						21250,
						4,
						0
					],
					[
						21250,
						5,
						0
					],
					[
						21100,
						4,
						0
					],
					[
						21000,
						4,
						0
					],
					[
						20950,
						4,
						0
					],
					[
						20912.5,
						4,
						0
					],
					[
						20881.25,
						4,
						0
					],
					[
						20863.75,
						4,
						0
					],
					[
						20820,
						4,
						0
					],
					[
						20817.5,
						4,
						0
					],
					[
						20933.75,
						5,
						0
					],
					[
						20913.75,
						5,
						0
					],
					[
						20862.5,
						5,
						0
					],
					[
						20828.75,
						5,
						0
					],
					[
						20802.5,
						4,
						0
					],
					[
						20801.25,
						5,
						0
					],
					[
						21050,
						4,
						0
					],
					[
						21051.25,
						5,
						0
					],
					[
						21027.5,
						5,
						0
					],
					[
						21018.75,
						5,
						0
					],
					[
						21002.5,
						5,
						0
					],
					[
						20997.5,
						5,
						0
					],
					[
						21100,
						5,
						0
					],
					[
						21211.25,
						4,
						0
					],
					[
						21171.25,
						4,
						0
					],
					[
						21172.5,
						5,
						0
					],
					[
						21230,
						5,
						0
					],
					[
						21227.5,
						6,
						0
					],
					[
						21217.5,
						6,
						0
					],
					[
						21187.5,
						6,
						0
					],
					[
						21175,
						6,
						0
					],
					[
						21161.25,
						6,
						0
					],
					[
						21142.5,
						6,
						0
					],
					[
						21140,
						6,
						0
					],
					[
						21122.5,
						6,
						0
					],
					[
						21111.25,
						6,
						0
					],
					[
						21095,
						6,
						0
					],
					[
						21070,
						6,
						0
					],
					[
						21045,
						6,
						0
					],
					[
						21018.75,
						6,
						0
					],
					[
						20998.75,
						6,
						0
					],
					[
						20981.25,
						6,
						0
					],
					[
						20976.25,
						6,
						0
					],
					[
						20912.5,
						6,
						0
					],
					[
						20900,
						6,
						0
					],
					[
						20860,
						6,
						0
					],
					[
						20833.75,
						6,
						0
					],
					[
						20822.5,
						6,
						0
					],
					[
						21271.25,
						7,
						0
					],
					[
						21260,
						7,
						0
					],
					[
						21248.75,
						7,
						0
					],
					[
						21226.25,
						7,
						0
					],
					[
						21213.75,
						7,
						0
					],
					[
						21195,
						7,
						0
					],
					[
						21183.75,
						7,
						0
					],
					[
						21170,
						7,
						0
					],
					[
						21145,
						7,
						0
					],
					[
						21142.5,
						7,
						0
					],
					[
						21105,
						7,
						0
					],
					[
						21082.5,
						7,
						0
					],
					[
						21033.75,
						7,
						0
					],
					[
						21030,
						7,
						0
					],
					[
						21016.25,
						7,
						0
					],
					[
						20982.5,
						7,
						0
					],
					[
						20955,
						7,
						0
					],
					[
						20938.75,
						7,
						0
					],
					[
						20902.5,
						7,
						0
					],
					[
						20862.5,
						7,
						0
					],
					[
						20828.75,
						7,
						0
					],
					[
						20821.25,
						7,
						0
					]
				],
				"bpm": 150,
				"changeBPM": false,
				"mustHitSection": true
			},
			{
				"gfSection": false,
				"lengthInSteps": 16,
				"altAnim": false,
				"typeOfSection": 0,
				"sectionNotes": [
					[
						23000,
						6,
						0
					],
					[
						23000,
						7,
						0
					],
					[
						22950,
						7,
						0
					],
					[
						22950,
						6,
						0
					],
					[
						22950,
						5,
						0
					],
					[
						22950,
						4,
						0
					],
					[
						22900,
						4,
						0
					],
					[
						22900,
						5,
						0
					],
					[
						22900,
						7,
						0
					],
					[
						22900,
						6,
						0
					],
					[
						22876.25,
						7,
						0
					],
					[
						22867.5,
						4,
						0
					],
					[
						22866.25,
						4,
						0
					],
					[
						22867.5,
						5,
						0
					],
					[
						22866.25,
						5,
						0
					],
					[
						22871.25,
						6,
						0
					],
					[
						22863.75,
						6,
						0
					],
					[
						22852.5,
						7,
						0
					],
					[
						22845,
						7,
						0
					],
					[
						22820,
						7,
						0
					],
					[
						22817.5,
						7,
						0
					],
					[
						22805,
						7,
						0
					],
					[
						22787.5,
						7,
						0
					],
					[
						22772.5,
						7,
						0
					],
					[
						22751.25,
						7,
						0
					],
					[
						22735,
						7,
						0
					],
					[
						22723.75,
						7,
						0
					],
					[
						22716.25,
						7,
						0
					],
					[
						22705,
						7,
						0
					],
					[
						22695,
						7,
						0
					],
					[
						22683.75,
						7,
						0
					],
					[
						22673.75,
						7,
						0
					],
					[
						22660,
						7,
						0
					],
					[
						22657.5,
						7,
						0
					],
					[
						22641.25,
						7,
						0
					],
					[
						22613.75,
						7,
						0
					],
					[
						22595,
						7,
						0
					],
					[
						22573.75,
						7,
						0
					],
					[
						22556.25,
						7,
						0
					],
					[
						22551.25,
						7,
						0
					],
					[
						22535,
						7,
						0
					],
					[
						22531.25,
						7,
						0
					],
					[
						22506.25,
						7,
						0
					],
					[
						22476.25,
						7,
						0
					],
					[
						22443.75,
						7,
						0
					],
					[
						22440,
						7,
						0
					],
					[
						22407.5,
						7,
						0
					],
					[
						22795,
						6,
						0
					],
					[
						22763.75,
						6,
						0
					],
					[
						22762.5,
						6,
						0
					],
					[
						22746.25,
						6,
						0
					],
					[
						22725,
						6,
						0
					],
					[
						22717.5,
						6,
						0
					],
					[
						22700,
						6,
						0
					],
					[
						22671.25,
						6,
						0
					],
					[
						22660,
						6,
						0
					],
					[
						22642.5,
						6,
						0
					],
					[
						22640,
						6,
						0
					],
					[
						22620,
						6,
						0
					],
					[
						22612.5,
						6,
						0
					],
					[
						22587.5,
						6,
						0
					],
					[
						22545,
						6,
						0
					],
					[
						22531.25,
						6,
						0
					],
					[
						22501.25,
						6,
						0
					],
					[
						22482.5,
						6,
						0
					],
					[
						22476.25,
						6,
						0
					],
					[
						22468.75,
						6,
						0
					],
					[
						22461.25,
						6,
						0
					],
					[
						22460,
						6,
						0
					],
					[
						22446.25,
						6,
						0
					],
					[
						22427.5,
						6,
						0
					],
					[
						22416.25,
						6,
						0
					],
					[
						22415,
						6,
						0
					],
					[
						22846.25,
						6,
						0
					],
					[
						22837.5,
						5,
						0
					],
					[
						22828.75,
						5,
						0
					],
					[
						22816.25,
						5,
						0
					],
					[
						22813.75,
						5,
						0
					],
					[
						22807.5,
						5,
						0
					],
					[
						22800,
						5,
						0
					],
					[
						22786.25,
						5,
						0
					],
					[
						22778.75,
						5,
						0
					],
					[
						22776.25,
						5,
						0
					],
					[
						22772.5,
						5,
						0
					],
					[
						22755,
						5,
						0
					],
					[
						22750,
						5,
						0
					],
					[
						22742.5,
						5,
						0
					],
					[
						22726.25,
						5,
						0
					],
					[
						22717.5,
						5,
						0
					],
					[
						22713.75,
						5,
						0
					],
					[
						22698.75,
						5,
						0
					],
					[
						22685,
						5,
						0
					],
					[
						22680,
						5,
						0
					],
					[
						22662.5,
						5,
						0
					],
					[
						22635,
						5,
						0
					],
					[
						22600,
						5,
						0
					],
					[
						22597.5,
						5,
						0
					],
					[
						22595,
						5,
						0
					],
					[
						22573.75,
						5,
						0
					],
					[
						22560,
						5,
						0
					],
					[
						22546.25,
						5,
						0
					],
					[
						22542.5,
						5,
						0
					],
					[
						22523.75,
						5,
						0
					],
					[
						22508.75,
						5,
						0
					],
					[
						22497.5,
						5,
						0
					],
					[
						22457.5,
						5,
						0
					],
					[
						22441.25,
						5,
						0
					],
					[
						22426.25,
						5,
						0
					],
					[
						22423.75,
						5,
						0
					],
					[
						22411.25,
						5,
						0
					],
					[
						22402.5,
						5,
						0
					],
					[
						22827.5,
						4,
						0
					],
					[
						22817.5,
						4,
						0
					],
					[
						22808.75,
						4,
						0
					],
					[
						22793.75,
						4,
						0
					],
					[
						22775,
						4,
						0
					],
					[
						22770,
						4,
						0
					],
					[
						22765,
						4,
						0
					],
					[
						22760,
						4,
						0
					],
					[
						22747.5,
						4,
						0
					],
					[
						22732.5,
						4,
						0
					],
					[
						22728.75,
						4,
						0
					],
					[
						22710,
						4,
						0
					],
					[
						22695,
						4,
						0
					],
					[
						22686.25,
						4,
						0
					],
					[
						22673.75,
						4,
						0
					],
					[
						22661.25,
						4,
						0
					],
					[
						22645,
						4,
						0
					],
					[
						22626.25,
						4,
						0
					],
					[
						22600,
						4,
						0
					],
					[
						22581.25,
						4,
						0
					],
					[
						22551.25,
						4,
						0
					],
					[
						22548.75,
						4,
						0
					],
					[
						22515,
						4,
						0
					],
					[
						22493.75,
						4,
						0
					],
					[
						22478.75,
						4,
						0
					],
					[
						22438.75,
						4,
						0
					],
					[
						22420,
						4,
						0
					],
					[
						22850,
						4,
						0
					],
					[
						22900,
						5,
						0
					],
					[
						22950,
						6,
						0
					],
					[
						23100,
						0,
						0
					],
					[
						23200,
						1,
						0
					],
					[
						23300,
						2,
						0
					],
					[
						23400,
						0,
						0
					],
					[
						23500,
						1,
						0
					],
					[
						23600,
						2,
						0
					],
					[
						23700,
						0,
						0
					],
					[
						23800,
						1,
						0
					],
					[
						23900,
						2,
						0
					]
				],
				"bpm": 150,
				"changeBPM": false,
				"mustHitSection": true
			},
			{
				"gfSection": false,
				"lengthInSteps": 16,
				"altAnim": false,
				"typeOfSection": 0,
				"sectionNotes": [
					[
						24000,
						0,
						0
					],
					[
						24100,
						1,
						0
					],
					[
						24200,
						2,
						0
					],
					[
						24300,
						0,
						0
					],
					[
						24400,
						1,
						0
					],
					[
						24500,
						2,
						0
					],
					[
						24555,
						0,
						0
					],
					[
						24607.5,
						1,
						0
					],
					[
						24650,
						2,
						0
					],
					[
						24707.5,
						0,
						0
					],
					[
						24740,
						1,
						0
					],
					[
						24772.5,
						2,
						0
					],
					[
						25562.5,
						2,
						0
					],
					[
						25527.5,
						2,
						0
					],
					[
						25462.5,
						2,
						0
					],
					[
						25387.5,
						2,
						0
					],
					[
						25292.5,
						2,
						0
					],
					[
						25222.5,
						2,
						0
					],
					[
						25120,
						2,
						0
					],
					[
						25065,
						2,
						0
					],
					[
						24960,
						2,
						0
					],
					[
						24892.5,
						2,
						0
					],
					[
						25555,
						1,
						0
					],
					[
						25455,
						1,
						0
					],
					[
						25390,
						1,
						0
					],
					[
						25270,
						1,
						0
					],
					[
						25177.5,
						1,
						0
					],
					[
						25112.5,
						1,
						0
					],
					[
						25042.5,
						1,
						0
					],
					[
						24947.5,
						1,
						0
					],
					[
						24842.5,
						1,
						0
					],
					[
						25535,
						0,
						0
					],
					[
						25462.5,
						0,
						0
					],
					[
						25367.5,
						0,
						0
					],
					[
						25295,
						0,
						0
					],
					[
						25237.5,
						0,
						0
					],
					[
						25110,
						0,
						0
					],
					[
						24987.5,
						0,
						0
					],
					[
						24822.5,
						0,
						0
					]
				],
				"bpm": 150,
				"changeBPM": false,
				"mustHitSection": true
			},
			{
				"gfSection": false,
				"lengthInSteps": 16,
				"altAnim": false,
				"typeOfSection": 0,
				"sectionNotes": [
					[
						26852.5,
						2,
						0
					],
					[
						26835,
						1,
						0
					],
					[
						26817.5,
						1,
						0
					],
					[
						26812.5,
						0,
						0
					],
					[
						26807.5,
						0,
						0
					],
					[
						26775,
						0,
						0
					],
					[
						26767.5,
						0,
						0
					],
					[
						26750,
						0,
						0
					],
					[
						26745,
						0,
						0
					],
					[
						26727.5,
						0,
						0
					],
					[
						26707.5,
						0,
						0
					],
					[
						26655,
						0,
						0
					],
					[
						26567.5,
						0,
						0
					],
					[
						26510,
						0,
						0
					],
					[
						26445,
						0,
						0
					],
					[
						26380,
						0,
						0
					],
					[
						26272.5,
						0,
						0
					],
					[
						26252.5,
						0,
						0
					],
					[
						26140,
						0,
						0
					],
					[
						26042.5,
						0,
						0
					],
					[
						25922.5,
						0,
						0
					],
					[
						25830,
						1,
						0
					],
					[
						25855,
						0,
						0
					],
					[
						25787.5,
						0,
						0
					],
					[
						25710,
						0,
						0
					],
					[
						25612.5,
						0,
						0
					],
					[
						25787.5,
						1,
						0
					],
					[
						25677.5,
						1,
						0
					],
					[
						25627.5,
						1,
						0
					],
					[
						26742.5,
						1,
						0
					],
					[
						26665,
						1,
						0
					],
					[
						26645,
						1,
						0
					],
					[
						26570,
						1,
						0
					],
					[
						26500,
						1,
						0
					],
					[
						26442.5,
						1,
						0
					],
					[
						26410,
						1,
						0
					],
					[
						26357.5,
						1,
						0
					],
					[
						26287.5,
						1,
						0
					],
					[
						26250,
						1,
						0
					],
					[
						26155,
						1,
						0
					],
					[
						26095,
						1,
						0
					],
					[
						26002.5,
						1,
						0
					],
					[
						25945,
						1,
						0
					],
					[
						26747.5,
						2,
						0
					],
					[
						26730,
						2,
						0
					],
					[
						26620,
						2,
						0
					],
					[
						26572.5,
						2,
						0
					],
					[
						26557.5,
						2,
						0
					],
					[
						26467.5,
						2,
						0
					],
					[
						26420,
						2,
						0
					],
					[
						26352.5,
						2,
						0
					],
					[
						26302.5,
						2,
						0
					],
					[
						26220,
						2,
						0
					],
					[
						26147.5,
						2,
						0
					],
					[
						26105,
						2,
						0
					],
					[
						25987.5,
						2,
						0
					],
					[
						25960,
						2,
						0
					],
					[
						25855,
						2,
						0
					],
					[
						25782.5,
						2,
						0
					],
					[
						25677.5,
						2,
						0
					],
					[
						25640,
						2,
						0
					],
					[
						25617.5,
						2,
						0
					],
					[
						27000,
						0,
						0
					],
					[
						27100,
						0,
						0
					],
					[
						26900,
						0,
						0
					],
					[
						27062.5,
						1,
						0
					],
					[
						26962.5,
						1,
						0
					],
					[
						27097.5,
						2,
						0
					],
					[
						26992.5,
						2,
						0
					]
				],
				"bpm": 150,
				"changeBPM": false,
				"mustHitSection": true
			},
			{
				"gfSection": false,
				"lengthInSteps": 16,
				"altAnim": false,
				"typeOfSection": 0,
				"sectionNotes": [
					[
						28012.5,
						0,
						0
					],
					[
						27970,
						0,
						0
					],
					[
						27917.5,
						0,
						0
					],
					[
						27897.5,
						0,
						0
					],
					[
						27860,
						0,
						0
					],
					[
						27787.5,
						0,
						0
					],
					[
						27785,
						0,
						0
					],
					[
						27740,
						0,
						0
					],
					[
						27712.5,
						0,
						0
					],
					[
						27660,
						0,
						0
					],
					[
						27605,
						0,
						0
					],
					[
						27515,
						0,
						0
					],
					[
						27475,
						0,
						0
					],
					[
						27405,
						0,
						0
					],
					[
						27357.5,
						0,
						0
					],
					[
						27347.5,
						0,
						0
					],
					[
						27250,
						0,
						0
					],
					[
						27207.5,
						0,
						0
					],
					[
						28015,
						1,
						0
					],
					[
						27972.5,
						1,
						0
					],
					[
						27942.5,
						1,
						0
					],
					[
						27917.5,
						1,
						0
					],
					[
						27875,
						1,
						0
					],
					[
						27820,
						1,
						0
					],
					[
						27807.5,
						1,
						0
					],
					[
						27725,
						1,
						0
					],
					[
						27630,
						1,
						0
					],
					[
						27557.5,
						1,
						0
					],
					[
						27477.5,
						1,
						0
					],
					[
						27355,
						1,
						0
					],
					[
						27267.5,
						1,
						0
					],
					[
						27247.5,
						1,
						0
					],
					[
						27215,
						1,
						0
					],
					[
						27992.5,
						2,
						0
					],
					[
						27890,
						2,
						0
					],
					[
						27750,
						2,
						0
					],
					[
						27622.5,
						2,
						0
					],
					[
						27532.5,
						2,
						0
					],
					[
						27347.5,
						2,
						0
					],
					[
						27337.5,
						2,
						0
					],
					[
						27225,
						2,
						0
					],
					[
						27505,
						2,
						0
					],
					[
						27475,
						2,
						0
					]
				],
				"bpm": 150,
				"changeBPM": false,
				"mustHitSection": true
			},
			{
				"gfSection": false,
				"lengthInSteps": 16,
				"altAnim": false,
				"typeOfSection": 0,
				"sectionNotes": [],
				"bpm": 150,
				"changeBPM": false,
				"mustHitSection": true
			},
			{
				"gfSection": false,
				"lengthInSteps": 16,
				"altAnim": false,
				"typeOfSection": 0,
				"sectionNotes": [],
				"bpm": 150,
				"changeBPM": false,
				"mustHitSection": true
			},
			{
				"gfSection": false,
				"lengthInSteps": 16,
				"altAnim": false,
				"typeOfSection": 0,
				"sectionNotes": [],
				"bpm": 150,
				"changeBPM": false,
				"mustHitSection": true
			},
			{
				"gfSection": false,
				"lengthInSteps": 16,
				"altAnim": false,
				"typeOfSection": 0,
				"sectionNotes": [],
				"bpm": 150,
				"changeBPM": false,
				"mustHitSection": true
			},
			{
				"gfSection": false,
				"lengthInSteps": 16,
				"altAnim": false,
				"typeOfSection": 0,
				"sectionNotes": [],
				"bpm": 150,
				"changeBPM": false,
				"mustHitSection": true
			},
			{
				"gfSection": false,
				"lengthInSteps": 16,
				"altAnim": false,
				"typeOfSection": 0,
				"sectionNotes": [],
				"bpm": 150,
				"changeBPM": false,
				"mustHitSection": true
			},
			{
				"gfSection": false,
				"lengthInSteps": 16,
				"altAnim": false,
				"typeOfSection": 0,
				"sectionNotes": [],
				"bpm": 150,
				"changeBPM": false,
				"mustHitSection": true
			},
			{
				"gfSection": false,
				"lengthInSteps": 16,
				"altAnim": false,
				"typeOfSection": 0,
				"sectionNotes": [],
				"bpm": 150,
				"changeBPM": false,
				"mustHitSection": true
			},
			{
				"gfSection": false,
				"lengthInSteps": 16,
				"altAnim": false,
				"typeOfSection": 0,
				"sectionNotes": [],
				"bpm": 150,
				"changeBPM": false,
				"mustHitSection": true
			},
			{
				"gfSection": false,
				"lengthInSteps": 16,
				"altAnim": false,
				"typeOfSection": 0,
				"sectionNotes": [],
				"bpm": 150,
				"changeBPM": false,
				"mustHitSection": true
			}
		],
		"splashSkin": "noteSplashes",
		"validScore": false,
		"gfVersion": "gf",
		"bpm": 150,
		"arrowSkin": "",
		"needsVoices": false,
		"song": "Spammophobia"
	}
}